Workbook

Sheet Annual Totals
A1: Annual Payroll Totals
D2: =TODAY() -> 45706
A3: Employee ID | C3: Hours Worked | D3: Gross Pay
A4: JS214 | C4: =SUM('Qtr 1:Qtr 4'!C4) -> 995 | D4: =SUM('Qtr 1:Qtr 4'!D4) -> 13153.9
A5: JH873 | C5: =SUM('Qtr 1:Qtr 4'!C5) -> 2014 | D5: =SUM('Qtr 1:Qtr 4'!D5) -> 20643.5
A6: SF297 | C6: =SUM('Qtr 1:Qtr 4'!C6) -> 1972 | D6: =SUM('Qtr 1:Qtr 4'!D6) -> 37625.76
A7: PW122 | C7: =SUM('Qtr 1:Qtr 4'!C7) -> 2033 | D7: =SUM('Qtr 1:Qtr 4'!D7) -> 37712.16
A8: Total | C8: =SUM(C4:C7) -> 7014 | D8: =SUM(D4:D7) -> 109135.32

Sheet Qtr 1
A1: Quarter One Totals
D2: =TODAY() -> 45706
A3: Employee | B3: Rate of Pay | C3: Hours Worked | D3: Gross Pay
A4: JS214 | B4: 13.22 | C4: 260 | D4: =ROUND(B4*C4,2) -> 3437.2
A5: JH873 | B5: 10.25 | C5: 500 | D5: =ROUND(B5*C5,2) -> 5125
A6: SF297 | B6: 19.08 | C6: 520 | D6: =ROUND(B6*C6,2) -> 9921.6
A7: PW122 | B7: 18.55 | C7: 495.5 | D7: =ROUND(B7*C7,2) -> 9191.53
A8: Total | B8: =SUM(B4:B7) -> 61.1 | C8: =SUM(C4:C7) -> 1775.5 | D8: =SUM(D4:D7) -> 27675.33

Sheet Qtr 2
A1: Quarter Two Totals
D2: =TODAY() -> 45706
A3: Employee | B3: Rate of Pay | C3: Hours Worked | D3: Gross Pay
A4: JS214 | B4: 13.22 | C4: 255 | D4: =ROUND(B4*C4,2) -> 3371.1
A5: JH873 | B5: 10.25 | C5: 492 | D5: =ROUND(B5*C5,2) -> 5043
A6: SF297 | B6: 19.08 | C6: 496 | D6: =ROUND(B6*C6,2) -> 9463.68
A7: PW122 | B7: 18.55 | C7: 520 | D7: =ROUND(B7*C7,2) -> 9646
A8: Total | B8: =SUM(B4:B7) -> 61.1 | C8: =SUM(C4:C7) -> 1763 | D8: =SUM(D4:D7) -> 27523.78

Sheet Qtr 3
A1: Quarter Three Totals
D2: =TODAY() -> 45706
A3: Employee | B3: Rate of Pay | C3: Hours Worked | D3: Gross Pay
A4: JS214 | B4: 13.22 | C4: 220 | D4: =ROUND(B4*C4,2) -> 2908.4
A5: JH873 | B5: 10.25 | C5: 520 | D5: =ROUND(B5*C5,2) -> 5330
A6: SF297 | B6: 19.08 | C6: 476 | D6: =ROUND(B6*C6,2) -> 9082.08
A7: PW122 | B7: 18.55 | C7: 512 | D7: =ROUND(B7*C7,2) -> 9497.6
A8: Total | B8: =SUM(B4:B7) -> 61.1 | C8: =SUM(C4:C7) -> 1728 | D8: =SUM(D4:D7) -> 26818.08

Sheet Qtr 4
A1: Quarter Four Totals
D2: =TODAY() -> 45706
A3: Employee | B3: Rate of Pay | C3: Hours Worked | D3: Gross Pay
A4: JS214 | B4: 13.22 | C4: 260 | D4: =ROUND(B4*C4,2) -> 3437.2
A5: JH873 | B5: 10.25 | C5: 502 | D5: =ROUND(B5*C5,2) -> 5145.5
A6: SF297 | B6: 19.08 | C6: 480 | D6: =ROUND(B6*C6,2) -> 9158.4
A7: PW122 | B7: 18.55 | C7: 505.5 | D7: =ROUND(B7*C7,2) -> 9377.03
A8: Total | B8: =SUM(B4:B7) -> 61.1 | C8: =SUM(C4:C7) -> 1747.5 | D8: =SUM(D4:D7) -> 27118.13
