Workbook
Name Extraxt: 'May 2021'!$A$25:$I$28

Sheet May 2021
A1: Criteria Range | L1: Rating Table | O1: Output Area
A2: Employee ID | B2: Name | C2: Branch | D2: Specialty | E2: Account Values | F2: Supervisor Review | G2: Rating | H2: Loan Commission | I2: New Money Commission | L2: Review | M2: Rating | O2: Avg. Avon Supervisor Review: | Q2: =DAVERAGE(A8:I22,"Supervisor Review",O12:O13) -> 9.0833333
D3: IRA/SEP | E3: >300000 | F3: >=8 | L3: 0 | M3: Poor | O3: Avg. Brownsburg Supervisor Review: | Q3: =DAVERAGE(A8:I22,"Supervisor Review",P12:P13) -> 8.625
L4: 7 | M4: Fair | O4: Avg. Plainfield Supervisor Review: | Q4: =DAVERAGE(A8:I22,"Supervisor Review",Q12:Q13) -> 7.125
L5: 8 | M5: Good | O5: Managers with Poor Ratings: | Q5: =DCOUNT(A8:I22,"Supervisor Review",M2:M3) -> 2
L6: 9 | M6: Excellent | O6: Total Checking/Savings: | Q6: =SUMIF(D9:D22, "Checking/Savings",E9:E22) -> 1721540
A7: Bank Account Managers - May 2021 | O7: Count of Loan Officers: | Q7: =COUNTIF(D9:D22,"loans") -> 4
A8: Employee ID | B8: Name | C8: Branch | D8: Specialty | E8: Account Values | F8: Supervisor Review | G8: Rating | H8: Loan Commission | I8: New Money Commission | O8: Locator
A9: 35724 | B9: Watson, Latisha | C9: Avon | D9: Checking/Savings | E9: 515896 | F9: 8 | G9: =_xlfn.XLOOKUP(F9,$L$3:$L$6,$M$3:$M$6,,-1) -> Good | H9: =IF('May 2021'!$D9="Loans",'May 2021'!$E9*0.0025,0) -> 0 | I9: =IF('May 2021'!$D9="Loans",0,'May 2021'!$E9*0.0002) -> 103.1792 | O9: Enter Employee ID Number | Q9: 18481
A10: 35724 | B10: Watson, Latisha | C10: Avon | D10: CD/Monkey Market | E10: 721340 | F10: 8.5 | G10: =_xlfn.XLOOKUP(F10,$L$3:$L$6,$M$3:$M$6,,-1) -> Good | H10: =IF('May 2021'!$D10="Loans",'May 2021'!$E10*0.0025,0) -> 0 | I10: =IF('May 2021'!$D10="Loans",0,'May 2021'!$E10*0.0002) -> 144.268 | O10: Branch Location and Entered Employee: | Q10: =INDEX(A9:I22, MATCH(Q9,A9:A22,0),3) -> Avon
A11: 49103 | B11: Quintin, Mark | C11: Avon | D11: IRA/SEP | E11: 750000 | F11: 9 | G11: =_xlfn.XLOOKUP(F11,$L$3:$L$6,$M$3:$M$6,,-1) -> Excellent | H11: =IF('May 2021'!$D11="Loans",'May 2021'!$E11*0.0025,0) -> 0 | I11: =IF('May 2021'!$D11="Loans",0,'May 2021'!$E11*0.0002) -> 150 | O11: Function Branch Criteria
A12: 18481 | B12: Dey, Julia | C12: Avon | D12: IRA/SEP | E12: 850000 | F12: 10 | G12: =_xlfn.XLOOKUP(F12,$L$3:$L$6,$M$3:$M$6,,-1) -> Excellent | H12: =IF('May 2021'!$D12="Loans",'May 2021'!$E12*0.0025,0) -> 0 | I12: =IF('May 2021'!$D12="Loans",0,'May 2021'!$E12*0.0002) -> 170 | O12: Branch | P12: Branch | Q12: Branch
A13: 18481 | B13: Dey, Julia | C13: Avon | D13: Loans | E13: 1745130 | F13: 10 | G13: =_xlfn.XLOOKUP(F13,$L$3:$L$6,$M$3:$M$6,,-1) -> Excellent | H13: =IF('May 2021'!$D13="Loans",'May 2021'!$E13*0.0025,0) -> 4362.825 | I13: =IF('May 2021'!$D13="Loans",0,'May 2021'!$E13*0.0002) -> 0 | O13: Avon | P13: Brownsburg | Q13: Plainfield
A14: 49103 | B14: Quintin, Mark | C14: Avon | D14: Loans | E14: 4429507 | F14: 9 | G14: =_xlfn.XLOOKUP(F14,$L$3:$L$6,$M$3:$M$6,,-1) -> Excellent | H14: =IF('May 2021'!$D14="Loans",'May 2021'!$E14*0.0025,0) -> 11073.767 | I14: =IF('May 2021'!$D14="Loans",0,'May 2021'!$E14*0.0002) -> 0
A15: 68835 | B15: Carey, Bruce | C15: Brownsburg | D15: Checking/Savings | E15: 468750 | F15: 7 | G15: =_xlfn.XLOOKUP(F15,$L$3:$L$6,$M$3:$M$6,,-1) -> Fair | H15: =IF('May 2021'!$D15="Loans",'May 2021'!$E15*0.0025,0) -> 0 | I15: =IF('May 2021'!$D15="Loans",0,'May 2021'!$E15*0.0002) -> 93.75
A16: 17208 | B16: Nunez, Javier | C16: Brownsburg | D16: IRA/SEP | E16: 575140 | F16: 8 | G16: =_xlfn.XLOOKUP(F16,$L$3:$L$6,$M$3:$M$6,,-1) -> Good | H16: =IF('May 2021'!$D16="Loans",'May 2021'!$E16*0.0025,0) -> 0 | I16: =IF('May 2021'!$D16="Loans",0,'May 2021'!$E16*0.0002) -> 115.028
A17: 68835 | B17: Carey, Bruce | C17: Brownsburg | D17: CD/Monkey Market | E17: 2056123 | F17: 10 | G17: =_xlfn.XLOOKUP(F17,$L$3:$L$6,$M$3:$M$6,,-1) -> Excellent | H17: =IF('May 2021'!$D17="Loans",'May 2021'!$E17*0.0025,0) -> 0 | I17: =IF('May 2021'!$D17="Loans",0,'May 2021'!$E17*0.0002) -> 411.2246
A18: 17208 | B18: Nunez, Javier | C18: Brownsburg | D18: Loans | E18: 3265405 | F18: 9.5 | G18: =_xlfn.XLOOKUP(F18,$L$3:$L$6,$M$3:$M$6,,-1) -> Excellent | H18: =IF('May 2021'!$D18="Loans",'May 2021'!$E18*0.0025,0) -> 8163.5125 | I18: =IF('May 2021'!$D18="Loans",0,'May 2021'!$E18*0.0002) -> 0
A19: 70607 | B19: Zhang, Wei | C19: Plainfield | D19: IRA/SEP | E19: 265111 | F19: 6.5 | G19: =_xlfn.XLOOKUP(F19,$L$3:$L$6,$M$3:$M$6,,-1) -> Poor | H19: =IF('May 2021'!$D19="Loans",'May 2021'!$E19*0.0025,0) -> 0 | I19: =IF('May 2021'!$D19="Loans",0,'May 2021'!$E19*0.0002) -> 53.0222
A20: 54319 | B20: Trono, Maria | C20: Plainfield | D20: CD/Monkey Market | E20: 292789 | F20: 6.5 | G20: =_xlfn.XLOOKUP(F20,$L$3:$L$6,$M$3:$M$6,,-1) -> Poor | H20: =IF('May 2021'!$D20="Loans",'May 2021'!$E20*0.0025,0) -> 0 | I20: =IF('May 2021'!$D20="Loans",0,'May 2021'!$E20*0.0002) -> 58.5578
A21: 42687 | B21: Hefner, Reggie | C21: Plainfield | D21: Checking/Savings | E21: 736894 | F21: 8.5 | G21: =_xlfn.XLOOKUP(F21,$L$3:$L$6,$M$3:$M$6,,-1) -> Good | H21: =IF('May 2021'!$D21="Loans",'May 2021'!$E21*0.0025,0) -> 0 | I21: =IF('May 2021'!$D21="Loans",0,'May 2021'!$E21*0.0002) -> 147.3788
A22: 42687 | B22: Hefner, Reggie | C22: Plainfield | D22: Loans | E22: 760753 | F22: 7 | G22: =_xlfn.XLOOKUP(F22,$L$3:$L$6,$M$3:$M$6,,-1) -> Fair | H22: =IF('May 2021'!$D22="Loans",'May 2021'!$E22*0.0025,0) -> 1901.8825 | I22: =IF('May 2021'!$D22="Loans",0,'May 2021'!$E22*0.0002) -> 0
A24: Extract Area
A25: Employee ID | B25: Name | C25: Branch | D25: Specialty | E25: Account Values | F25: Supervisor Review | G25: Rating | H25: Loan Commission | I25: New Money Commission
A26: 17208 | B26: Nunez, Javier | C26: Brownsburg | D26: IRA/SEP | E26: 575140 | F26: 8 | G26: Good | H26: 0 | I26: 115.028
A27: 49103 | B27: Quintin, Mark | C27: Avon | D27: IRA/SEP | E27: 750000 | F27: 9 | G27: Excellent | H27: 0 | I27: 150
A28: 18481 | B28: Dey, Julia | C28: Avon | D28: IRA/SEP | E28: 850000 | F28: 10 | G28: Excellent | H28: 0 | I28: 170
