Workbook

Sheet Consolidated
A1: M&S Provisions
A2: Consolidated Expenses Worksheet
G3: =TODAY() -> 45701
A4: Expense category | B4: 2020 | C4: 2021 Projected % Change | D4: 2021 | E4: 2022 Projected % Change | F4: 2022 | G4: Average % Changed
A5: Payroll | B5: =SUM('Lady Lobter:Sharon Shrimp'!B5) -> 220789.88 | C5: 0.025 | D5: =ROUND(B5+B5*C5,2) -> 226309.63 | E5: 0.025 | F5: =ROUND(D5+D5*E5,2) -> 231967.37 | G5: =ROUND((C5+E5)/2,4) -> 0.025
A6: Benefits | B6: =SUM('Lady Lobter:Sharon Shrimp'!B6) -> 46352.06 | C6: 0.02 | D6: =ROUND(B6+B6*C6,2) -> 47279.1 | E6: 0.03 | F6: =ROUND(D6+D6*E6,2) -> 48697.47 | G6: =ROUND((C6+E6)/2,4) -> 0.025
A7: Fuel | B7: =SUM('Lady Lobter:Sharon Shrimp'!B7) -> 57500 | C7: 0.02 | D7: =ROUND(B7+B7*C7,2) -> 58650 | E7: 0.03 | F7: =ROUND(D7+D7*E7,2) -> 60409.5 | G7: =ROUND((C7+E7)/2,4) -> 0.025
A8: Storage | B8: =SUM('Lady Lobter:Sharon Shrimp'!B8) -> 40176 | C8: 0.01 | D8: =ROUND(B8+B8*C8,2) -> 40577.76 | E8: 0.01 | F8: =ROUND(D8+D8*E8,2) -> 40983.54 | G8: =ROUND((C8+E8)/2,4) -> 0.01
A9: Event Fees | B9: =SUM('Lady Lobter:Sharon Shrimp'!B9) -> 18700 | C9: 0.01 | D9: =ROUND(B9+B9*C9,2) -> 18887 | E9: 0.01 | F9: =ROUND(D9+D9*E9,2) -> 19075.87 | G9: =ROUND((C9+E9)/2,4) -> 0.01
A10: Maintenance | B10: =SUM('Lady Lobter:Sharon Shrimp'!B10) -> 13057.4 | C10: 0.01 | D10: =ROUND(B10+B10*C10,2) -> 13187.97 | E10: 0.02 | F10: =ROUND(D10+D10*E10,2) -> 13451.73 | G10: =ROUND((C10+E10)/2,4) -> 0.015
A11: Advertising | B11: =SUM('Lady Lobter:Sharon Shrimp'!B11) -> 10942.91 | C11: -0.01 | D11: =ROUND(B11+B11*C11,2) -> 10833.48 | E11: -0.01 | F11: =ROUND(D11+D11*E11,2) -> 10725.15 | G11: =ROUND((C11+E11)/2,4) -> -0.01
A12: Administrative | B12: =SUM('Lady Lobter:Sharon Shrimp'!B12) -> 7500 | C12: -0.02 | D12: =ROUND(B12+B12*C12,2) -> 7350 | E12: -0.0225 | F12: =ROUND(D12+D12*E12,2) -> 7184.63 | G12: =ROUND((C12+E12)/2,4) -> -0.0213
B13: =SUM(B5:B12) -> 415018.25 | D13: =SUM(D5:D12) -> 423074.94 | F13: =SUM(F5:F12) -> 432495.26

Sheet Lady Lobter
A1: M&S Provisions
A2: Lady Lobster Expenses Worksheet
G3: =TODAY() -> 45701
A4: Expense category | B4: 2020 | C4: 2021 Projected % Change | D4: 2021 | E4: 2022 Projected % Change | F4: 2022 | G4: Average % Changed
A5: Payroll | B5: 79207.2 | C5: 0.025 | D5: =ROUND(B5+B5*C5,2) -> 81187.38 | E5: 0.025 | F5: =ROUND(D5+D5*E5,2) -> 83217.06 | G5: =ROUND((C5+E5)/2,4) -> 0.025
A6: Benefits | B6: 15247.39 | C6: 0.02 | D6: =ROUND(B6+B6*C6,2) -> 15552.34 | E6: 0.03 | F6: =ROUND(D6+D6*E6,2) -> 16018.91 | G6: =ROUND((C6+E6)/2,4) -> 0.025
A7: Fuel | B7: 20000 | C7: 0.02 | D7: =ROUND(B7+B7*C7,2) -> 20400 | E7: 0.03 | F7: =ROUND(D7+D7*E7,2) -> 21012 | G7: =ROUND((C7+E7)/2,4) -> 0.025
A8: Storage | B8: 14400 | C8: 0.01 | D8: =ROUND(B8+B8*C8,2) -> 14544 | E8: 0.01 | F8: =ROUND(D8+D8*E8,2) -> 14689.44 | G8: =ROUND((C8+E8)/2,4) -> 0.01
A9: Event Fees | B9: 6200 | C9: 0.01 | D9: =ROUND(B9+B9*C9,2) -> 6262 | E9: 0.01 | F9: =ROUND(D9+D9*E9,2) -> 6324.62 | G9: =ROUND((C9+E9)/2,4) -> 0.01
A10: Maintenance | B10: 4295.2 | C10: 0.01 | D10: =ROUND(B10+B10*C10,2) -> 4338.15 | E10: 0.02 | F10: =ROUND(D10+D10*E10,2) -> 4424.91 | G10: =ROUND((C10+E10)/2,4) -> 0.015
A11: Advertising | B11: 3599.64 | C11: -0.01 | D11: =ROUND(B11+B11*C11,2) -> 3563.64 | E11: -0.01 | F11: =ROUND(D11+D11*E11,2) -> 3528 | G11: =ROUND((C11+E11)/2,4) -> -0.01
A12: Administrative | B12: 2500 | C12: -0.02 | D12: =ROUND(B12+B12*C12,2) -> 2450 | E12: -0.0225 | F12: =ROUND(D12+D12*E12,2) -> 2394.88 | G12: =ROUND((C12+E12)/2,4) -> -0.0213
B13: =SUM(B5:B12) -> 145449.43 | D13: =SUM(D5:D12) -> 148297.51 | F13: =SUM(F5:F12) -> 151609.82

Sheet Henry Haddock
A1: M&S Provisions
A2: Henry Haddock Expenses Worksheet
G3: =TODAY() -> 45701
A4: Expense category | B4: 2020 | C4: 2021 Projected % Change | D4: 2021 | E4: 2022 Projected % Change | F4: 2022 | G4: Average % Changed
A5: Payroll | B5: 72870.62 | C5: 0.025 | D5: =ROUND(B5+B5*C5,2) -> 74692.39 | E5: 0.025 | F5: =ROUND(D5+D5*E5,2) -> 76559.7 | G5: =ROUND((C5+E5)/2,4) -> 0.025
A6: Benefits | B6: 14027.6 | C6: 0.02 | D6: =ROUND(B6+B6*C6,2) -> 14308.15 | E6: 0.03 | F6: =ROUND(D6+D6*E6,2) -> 14737.39 | G6: =ROUND((C6+E6)/2,4) -> 0.025
A7: Fuel | B7: 19000 | C7: 0.02 | D7: =ROUND(B7+B7*C7,2) -> 19380 | E7: 0.03 | F7: =ROUND(D7+D7*E7,2) -> 19961.4 | G7: =ROUND((C7+E7)/2,4) -> 0.025
A8: Storage | B8: 13248 | C8: 0.01 | D8: =ROUND(B8+B8*C8,2) -> 13380.48 | E8: 0.01 | F8: =ROUND(D8+D8*E8,2) -> 13514.28 | G8: =ROUND((C8+E8)/2,4) -> 0.01
A9: Event Fees | B9: 7500 | C9: 0.01 | D9: =ROUND(B9+B9*C9,2) -> 7575 | E9: 0.01 | F9: =ROUND(D9+D9*E9,2) -> 7650.75 | G9: =ROUND((C9+E9)/2,4) -> 0.01
A10: Maintenance | B10: 3951.58 | C10: 0.01 | D10: =ROUND(B10+B10*C10,2) -> 3991.1 | E10: 0.02 | F10: =ROUND(D10+D10*E10,2) -> 4070.92 | G10: =ROUND((C10+E10)/2,4) -> 0.015
A11: Advertising | B11: 3311.67 | C11: -0.01 | D11: =ROUND(B11+B11*C11,2) -> 3278.55 | E11: -0.01 | F11: =ROUND(D11+D11*E11,2) -> 3245.76 | G11: =ROUND((C11+E11)/2,4) -> -0.01
A12: Administrative | B12: 2500 | C12: -0.02 | D12: =ROUND(B12+B12*C12,2) -> 2450 | E12: -0.0225 | F12: =ROUND(D12+D12*E12,2) -> 2394.88 | G12: =ROUND((C12+E12)/2,4) -> -0.0213
B13: =SUM(B5:B12) -> 136409.47 | D13: =SUM(D5:D12) -> 139055.67 | F13: =SUM(F5:F12) -> 142135.08

Sheet Sharon Shrimp
A1: M&S Provisions
A2: Sharon Shrimp Expenses Worksheet
G3: =TODAY() -> 45701
A4: Expense category | B4: 2020 | C4: 2021 Projected % Change | D4: 2021 | E4: 2022 Projected % Change | F4: 2022 | G4: Average % Changed
A5: Payroll | B5: 68712.06 | C5: 0.025 | D5: =ROUND(B5+B5*C5,2) -> 70429.86 | E5: 0.025 | F5: =ROUND(D5+D5*E5,2) -> 72190.61 | G5: =ROUND((C5+E5)/2,4) -> 0.025
A6: Benefits | B6: 17077.07 | C6: 0.02 | D6: =ROUND(B6+B6*C6,2) -> 17418.61 | E6: 0.03 | F6: =ROUND(D6+D6*E6,2) -> 17941.17 | G6: =ROUND((C6+E6)/2,4) -> 0.025
A7: Fuel | B7: 18500 | C7: 0.02 | D7: =ROUND(B7+B7*C7,2) -> 18870 | E7: 0.03 | F7: =ROUND(D7+D7*E7,2) -> 19436.1 | G7: =ROUND((C7+E7)/2,4) -> 0.025
A8: Storage | B8: 12528 | C8: 0.01 | D8: =ROUND(B8+B8*C8,2) -> 12653.28 | E8: 0.01 | F8: =ROUND(D8+D8*E8,2) -> 12779.81 | G8: =ROUND((C8+E8)/2,4) -> 0.01
A9: Event Fees | B9: 5000 | C9: 0.01 | D9: =ROUND(B9+B9*C9,2) -> 5050 | E9: 0.01 | F9: =ROUND(D9+D9*E9,2) -> 5100.5 | G9: =ROUND((C9+E9)/2,4) -> 0.01
A10: Maintenance | B10: 4810.62 | C10: 0.01 | D10: =ROUND(B10+B10*C10,2) -> 4858.73 | E10: 0.02 | F10: =ROUND(D10+D10*E10,2) -> 4955.9 | G10: =ROUND((C10+E10)/2,4) -> 0.015
A11: Advertising | B11: 4031.6 | C11: -0.01 | D11: =ROUND(B11+B11*C11,2) -> 3991.28 | E11: -0.01 | F11: =ROUND(D11+D11*E11,2) -> 3951.37 | G11: =ROUND((C11+E11)/2,4) -> -0.01
A12: Administrative | B12: 2500 | C12: -0.02 | D12: =ROUND(B12+B12*C12,2) -> 2450 | E12: -0.0225 | F12: =ROUND(D12+D12*E12,2) -> 2394.88 | G12: =ROUND((C12+E12)/2,4) -> -0.0213
B13: =SUM(B5:B12) -> 133159.35 | D13: =SUM(D5:D12) -> 135721.76 | F13: =SUM(F5:F12) -> 138750.34
